{
    "type": "APL",
    "version": "1.4",
    "settings": {},
    "theme": "dark",
    "import": [
        {
            "name": "alexa-layouts",
            "version": "1.0.0"
        }
    ],
    "resources": [
        {
            "description": "Stock color for the light theme",
            "colors": {
                "colorTextPrimary": "#151920"
            }
        },
        {
            "description": "Stock color for the dark theme",
            "when": "${viewport.theme == 'dark'}",
            "colors": {
                "colorTextPrimary": "#f0f1ef"
            }
        },
        {
            "description": "Standard font sizes",
            "dimensions": {
                "textSizeBody": 48,
                "textSizePrimary": 27,
                "textSizeSecondary": 23,
                "textSizeSecondaryHint": 25
            }
        },
        {
            "description": "Common spacing values",
            "dimensions": {
                "spacingThin": 6,
                "spacingSmall": 12,
                "spacingMedium": 24,
                "spacingLarge": 48,
                "spacingExtraLarge": 72
            }
        },
        {
            "description": "Common margins and padding",
            "dimensions": {
                "marginTop": 40,
                "marginLeft": 60,
                "marginRight": 60,
                "marginBottom": 40
            }
        }
    ],
    "styles": {
        "textStyleBase": {
            "description": "Base font description; set color",
            "values": [
                {
                    "color": "@colorTextPrimary"
                }
            ]
        },
        "textStyleBase0": {
            "description": "Thin version of basic font",
            "extend": "textStyleBase",
            "values": {
                "fontWeight": "100"
            }
        },
        "textStyleBase1": {
            "description": "Light version of basic font",
            "extend": "textStyleBase",
            "values": {
                "fontWeight": "300"
            }
        },
        "mixinBody": {
            "values": {
                "fontSize": "@textSizeBody"
            }
        },
        "mixinPrimary": {
            "values": {
                "fontSize": "@textSizePrimary"
            }
        },
        "mixinSecondary": {
            "values": {
                "fontSize": "@textSizeSecondary"
            }
        },
        "textStylePrimary": {
            "extend": [
                "textStyleBase1",
                "mixinPrimary"
            ]
        },
        "textStyleSecondary": {
            "extend": [
                "textStyleBase0",
                "mixinSecondary"
            ]
        },
        "textStyleBody": {
            "extend": [
                "textStyleBase1",
                "mixinBody"
            ]
        },
        "textStyleSecondaryHint": {
            "values": {
                "fontFamily": "Bookerly",
                "fontStyle": "italic",
                "fontSize": "@textSizeSecondaryHint",
                "color": "@colorTextPrimary"
            }
        }
    },
    "onMount": [],
    "graphics": {},
    "commands": {},
    "layouts": {},
    "mainTemplate": {
        "parameters": [
            "imageData"
        ],
        "items": [
            {
                "when": "${viewport.shape == 'round'}",
                "type": "Container",
                "direction": "column",
                "width": "100vw",
                "height": "100vh",
                "items": [
                    
                    {
                        "type": "ScrollView",
                        "width": "100vw",
                        "height": "100vh",
                        "item": [
                            {
                                "type": "Container",
                                "direction": "column",
                                "alignItems": "center",
                                "paddingLeft": 30,
                                "paddingRight": 30,
                                "paddingBottom": 200,
                                "items": [
                                    {
                                        "type": "AlexaHeader",
                                        "headerAttributionImage": "https://alexaapodskill.s3.amazonaws.com/skillicon.png",
                                        "headerTitle": "AstroPic"
                                    },
                                    {
                                        "type": "Text",
                                        "text": "${imageData.title}",
                                        "style": "textStyleBody",
                                        "width": "90vw",
                                        "textAlign": "center"
                                    },
                                    {
                                        "type": "Text",
                                        "text": "${imageData.explanation}",
                                        "paddingTop": 40,
                                        "style": "textStylePrimary",
                                        "width": "90vw",
                                        "textAlign": "center"
                                    }
                                ]
                            }
                        ]
                    }
                ]
            },
            {
                "type": "Container",
                "width": "100vw",
                "height": "100vh",
                "items": [
                    {
                        "type": "AlexaHeader",
                        "headerTitle": "AstroPic",
                        "headerAttributionImage": "https://alexaapodskill.s3.amazonaws.com/skillicon.png"
                    },
                    {
                        "type": "Container",
                        "direction": "row",
                        "paddingLeft": 40,
                        "paddingRight": 72,
                        "grow": 1,
                        "items": [
                            {
                                "type": "Image",
                                "source": "${imageData.image}",
                                "width": "35vw",
                                "height": "65vh",
                                "paddingRight": 40,
                                "scale": "best-fit",
                                "align": "center"
                            },
                            {
                                "type": "ScrollView",
                                "height": "60vh",
                                "shrink": 1,
                                "item": [
                                    {
                                        "type": "Container",
                                        "items": [
                                            {
                                                "type": "Text",
                                                "text": "${imageData.title}",
                                                "style": "textStyleBody"
                                            },
                                            {
                                                "type": "Text",
                                                "text": "${imageData.explanation}",
                                                "paddingTop": 40,
                                                "style": "textStylePrimary"
                                            }
                                        ]
                                    }
                                ]
                            }
                        ]
                    }
                ]
            }
        ]
    }
}